Ticket Number,Date Created,Date Closed,Request Status,Status Detail,Service Category,Service Details,Business Unit,Neighbourhood,Community League,Ward,Address,Lat,Long,Location,Ticket Source,Calendar Year,Count
8013665056,March 16 2016,,Open,,1,EPCOR Power Box/Street Light,Community Standards,ALDERGROVE,Aldergrove Community League,WARD 01,"184 STREET NW, 86 AVENUE NW",53.51945451,-113.640545,"(53.5194545098133, -113.640544961292)",Telephone call,2016,1
8013663106,March 15 2016,,Open,,2,Sidewalks,Roadway Operations,RITCHIE,Ritchie Community League,WARD 11,"97 STREET NW, 81 AVENUE NW",53.51704855,-113.4797357,"(53.5170485453097, -113.479735661273)",MobileApp,2016,1
8013662896,March 15 2016,,Open,,1,River Valley,River Valley Operations,RIVER VALLEY WALTERDALE,Strathcona Centre Community League,WARD 08,9100 WALTERDALE HILL NW,53.52642165,-113.5062221,"(53.5264216492133, -113.50622205323)",Telephone call,2016,1
8013662600,March 15 2016,,Open,Work Planned-Seasonal/Weather Dependent,1,Road,Roadway Operations,GREENFIELD,Duggan Community League,WARD 10,"111 STREET NW, 37 AVENUE NW",53.4720728,-113.5161618,"(53.4720728023579, -113.516161809824)",Internet Mail,2016,1
8013664350,March 15 2016,,Open,,2,Sidewalks,Roadway Operations,WESTMOUNT,Westmount Community League,WARD 06,"STONY PLAIN ROAD NW, 127 STREET NW",53.54755519,-113.541173,"(53.5475551929264, -113.541173016322)",MobileApp,2016,1
8013654887,March 14 2016,,Open,,1,River Valley,River Valley Operations,RIVER VALLEY VICTORIA,Oliver Community League,WARD 06,11130 RIVER VALLEY ROAD NW,53.5323914,-113.512103,"(53.5323914028703, -113.512103021925)",MobileApp,2016,1
188623308,March 14 2016,,Open,,1,Shaw/Telus Box,Community Standards,SUMMERSIDE,Summerside Community League of Edmonton,WARD 12,"SUMMERSIDE DRIVE SW, 88 STREET SW",53.42127495,-113.4672863,"(53.4212749540938, -113.467286321199)",Internet Mail,2016,1
8013654835,March 14 2016,,Open,,1,River Valley,River Valley Operations,RIVER VALLEY VICTORIA,Oliver Community League,WARD 06,9604 109 STREET NW,53.53258788,-113.5101976,"(53.5325878838147, -113.510197619613)",MobileApp,2016,1
8013656895,March 14 2016,,Open,,1,Bus,Transit,PARKALLEN,Parkallen Community Ass'n (1960),WARD 10,"111 STREET NW, 61 AVENUE NW",53.49829556,-113.5168141,"(53.4982955608537, -113.51681411242)",Telephone call,2016,1
8013657399,March 14 2016,,Open,,1,Play Apparatus,Parks,DUGGAN,Duggan Community League,WARD 10,10616 36A AVENUE NW,53.47171004,-113.5064199,"(53.4717100389135, -113.506419936588)",Telephone call,2016,1
8013657667,March 14 2016,,Open,,1,Bus,Transit,GREENFIELD,Duggan Community League,WARD 10,"37 AVENUE NW, 111 STREET NW",53.4720728,-113.5161618,"(53.4720728023579, -113.516161809824)",Telephone call,2016,1
8013659020,March 14 2016,,Open,,1,Shaw/Telus Box,Community Standards,SUMMERSIDE,Summerside Community League of Edmonton,WARD 12,"91 STREET SW, PARSONS ROAD SW",53.41991759,-113.4773174,"(53.4199175924109, -113.477317405067)",Internet Mail,2016,1
8013659141,March 14 2016,,Open,,2,Sidewalks,Roadway Operations,STEWART GREENS,Lewis Estates Community League,WARD 01,"98 AVENUE NW, 205 STREET NW",53.53587588,-113.6713406,"(53.535875877212, -113.671340572312)",MobileApp,2016,1
8013652188,March 13 2016,,Open,Assessment in Progress,1,Park Structure,Parks,WEST MEADOWLARK PARK,West Meadowlark Community League,WARD 01,9311 165 STREET NW,53.52985231,-113.6069682,"(53.529852306514, -113.606968186041)",Telephone call,2016,1
188568563,March 13 2016,,Open,,1,EPCOR Power Box/Street Light,Community Standards,WELLINGTON,The Wellington Park Community League,WARD 02,"128 STREET NW, 135 AVENUE NW",53.59643421,-113.5428022,"(53.5964342102826, -113.542802151026)",MobileApp,2016,1
188562011,March 12 2016,,Open,,1,Newspaper Box/Sign,Community Standards,DUGGAN,Duggan Community League,WARD 10,"36A AVENUE NW, 106A STREET NW",53.47121024,-113.5057841,"(53.4712102391763, -113.505784112638)",Telephone call,2016,1
188562806,March 12 2016,,Open,,1,EPCOR Power Box/Street Light,Community Standards,IDYLWYLDE,Idylwylde Community League,WARD 08,8205 - 86 AVENUE NW,53.52162298,-113.4537868,"(53.5216229788353, -113.453786802656)",MobileApp,2016,1
188564742,March 12 2016,,Open,,1,EPCOR Power Box/Street Light,Community Standards,ALBERTA AVENUE,Alberta Avenue Community League,WARD 07,"93 STREET NW, 112 AVENUE NW",53.56106169,-113.4841345,"(53.5610616861727, -113.484134487071)",Telephone call,2016,1
8013648216,March 12 2016,,Open,Work Planned-Seasonal/Weather Dependent,1,Road,Roadway Operations,RIVER VALLEY MAYFAIR,The Windsor Park Community League Edmonton,WARD 08,"GROAT ROAD NW, EMILY MURPHY PARK ROAD NW",53.52991478,-113.5397724,"(53.529914780069, -113.539772352076)",Telephone call,2016,1
8013647178,March 12 2016,,Open,,1,Park Structure,Parks,WILD ROSE,The Meadows Community League Association,WARD 12,2603 38 AVENUE NW,53.47530182,-113.3814244,"(53.4753018248402, -113.381424372714)",MobileApp,2016,1
8013649756,March 12 2016,,Open,,1,Road,Roadway Operations,MILL CREEK RAVINE SOUTH,Strathcona Centre Community League,WARD 08,"82 AVENUE NW, 95A STREET NW",53.51803918,-113.4756373,"(53.5180391769563, -113.475637263693)",MobileApp,2016,1
188503404,March 11 2016,,Open,,1,EPCOR Power Box/Street Light,Community Standards,RIVER VALLEY CAPITOL HILL,The Crestwood Community League,WARD 01,"145 STREET NW, SUMMIT DRIVE NW",53.53913417,-113.5708938,"(53.5391341702332, -113.570893774961)",Telephone call,2016,1
188505213,March 11 2016,,Open,,1,EPCOR Power Box/Street Light,Community Standards,GREENFIELD,Greenfield Community League,WARD 10,3803 - 114 STREET NW,53.47389306,-113.5239571,"(53.4738930639101, -113.523957076958)",Telephone call,2016,1
8013645197,March 11 2016,,Open,,1,Road,Roadway Operations,KEHEEWIN,Ermineskin Community League,WARD 10,"CALGARY TRAIL NW, 23 AVENUE NW",53.45434487,-113.4933176,"(53.4543448713046, -113.493317605233)",Telephone call,2016,1
8013645137,March 11 2016,,Open,,2,City Sidewalks,Roadway Operations,SCHONSEE,,WARD 03,"170 AVENUE NW, 73 STREET NW",53.63098196,-113.4544238,"(53.630981964153, -113.454423845029)",MobileApp,2016,1
188556844,March 11 2016,,Open,,1,EPCOR Power Box/Street Light,Community Standards,ALDERGROVE,Aldergrove Community League,WARD 01,8303 - 184 STREET NW,53.51675096,-113.6401609,"(53.5167509572984, -113.640160905871)",Telephone call,2016,1
8013644635,March 11 2016,,Open,Work Planned-Seasonal/Weather Dependent,1,Road,Roadway Operations,PARKALLEN,Parkallen Community Ass'n (1960),WARD 10,"114 STREET NW, 113 STREET NW",53.50812995,-113.5245282,"(53.5081299509471, -113.524528218236)",Telephone call,2016,1
8013641562,March 11 2016,,Open,,1,Road,Roadway Operations,DOWNTOWN,Downtown Edmonton Community League,WARD 06,"99 AVENUE NW, 109 STREET NW",53.53725359,-113.5084354,"(53.5372535881208, -113.508435443226)",MobileApp,2016,1
8013642484,March 11 2016,,Open,,1,Road,Roadway Operations,LYMBURN,Callingwood - Lymburn Community League,WARD 05,"78 AVENUE NW, 183 STREET NW",53.51075919,-113.6374675,"(53.5107591889134, -113.637467547789)",MobileApp,2016,1
8013638926,March 10 2016,,Open,,1,Vandalism - Play Structure,Parks,BISSET,Ridgewood Community League,WARD 12,3020 37 STREET NW,53.46073044,-113.3989748,"(53.4607304388587, -113.398974821807)",Telephone call,2016,1
8013635442,March 09 2016,,Open,,1,Bus,Transit,MCKERNAN,McKernan District Community League,WARD 08,"76 AVENUE NW, 114 STREET NW",53.51224702,-113.5258146,"(53.5122470216582, -113.525814557683)",Telephone call,2016,1
8013633529,March 09 2016,,Open,,1,Vandalism - Play Structure,Parks,EMPIRE PARK,Empire Park S. W. Community League,WARD 10,4804 107 STREET NW,53.4862334,-113.5087846,"(53.4862333984433, -113.508784591725)",Telephone call,2016,1
188375764,March 09 2016,,Open,,1,EPCOR Power Box/Street Light,Community Standards,RIVER VALLEY LAURIER,Lynnwood Community League,WARD 05,"WHITEMUD DRIVE [EASTBOUND SIDE] NW, 149 STREET [SOUTHBOUND SIDE] NW",53.51216779,-113.5792069,"(53.512167788737, -113.579206891254)",Telephone call,2016,1
188277392,March 07 2016,,Open,,1,EPCOR Power Box/Street Light,Community Standards,DOWNTOWN,Downtown Edmonton Community League,WARD 06,"99 AVENUE NW, 109 STREET NW",53.53725359,-113.5084354,"(53.5372535881208, -113.508435443226)",MobileApp,2016,1
188277436,March 07 2016,,Open,,1,EPCOR Power Box/Street Light,Community Standards,GREENFIELD,Greenfield Community League,WARD 10,"117 STREET NW, 37 AVENUE NW",53.47176402,-113.5326952,"(53.4717640192528, -113.532695233465)",Internet Mail,2016,1
188204022,March 06 2016,,Open,,1,EPCOR Power Box/Street Light,Community Standards,CALLINGWOOD SOUTH,Callingwood - Lymburn Community League,WARD 05,"69 AVENUE [EASTBOUND SIDE] NW, 170 STREET [SOUTHBOUND SIDE] NW",53.50467212,-113.6154465,"(53.5046721213009, -113.615446547717)",MobileApp,2016,1
188209779,March 06 2016,,Open,,1,EPCOR Power Box/Street Light,Community Standards,LYMBURN,Callingwood - Lymburn Community League,WARD 05,7218 178 STREET NW,53.50619795,-113.6327565,"(53.5061979522419, -113.632756462969)",MobileApp,2016,1
188206859,March 06 2016,,Open,,1,EPCOR Power Box/Street Light,Community Standards,CALLINGWOOD NORTH,Callingwood - Lymburn Community League,WARD 05,"172 STREET NW, 69 AVENUE [WESTBOUND SIDE] NW",53.50464761,-113.6195323,"(53.5046476080749, -113.619532294105)",MobileApp,2016,1
8013615107,March 05 2016,,Open,Assessment in Progress,1,Park Structure,Parks,MAYFIELD,Mayfield Community League,WARD 01,16316 107A AVENUE NW,53.552328,-113.6038451,"(53.5523280029958, -113.603845084146)",Telephone call,2016,1
8013614896,March 05 2016,,Open,,1,Road,Roadway Operations,WELLINGTON,The Wellington Park Community League,WARD 02,13315 136 STREET NW,53.59413595,-113.5544455,"(53.5941359495787, -113.554445524624)",Telephone call,2016,1
188125405,March 03 2016,,Open,,1,EPCOR Power Box/Street Light,Community Standards,GRIESBACH,Griesbach Community League,WARD 02,"145 AVENUE NW, SIR ARTHUR CURRIE WAY NW",53.60676701,-113.499798,"(53.6067670092449, -113.499797992019)",MobileApp,2016,1
188119876,March 03 2016,,Open,,1,EPCOR Power Box/Street Light,Community Standards,DOWNTOWN,The Rossdale Community League (1974),WARD 06,"108 STREET NW, 99 AVENUE NW",53.53725264,-113.5065916,"(53.5372526378968, -113.506591595317)",MobileApp,2016,1
8013605677,March 03 2016,,Open,,1,Park Structure,Parks,OLIVER,Oliver Community League,WARD 06,"100 AVENUE NW, 119 STREET NW",53.53975087,-113.5268436,"(53.5397508739341, -113.526843621118)",Telephone call,2016,1
8013577511,February 26 2016,,Open,,1,River Valley,River Valley Operations,RIVER VALLEY WHITEMUD,,WARD 10,"FOX DRIVE NW, WHITEMUD DRIVE NW",53.5033855,-113.5632469,"(53.5033855025142, -113.563246908456)",Telephone call,2016,1
8013569045,February 25 2016,,Open,,2,Road Snow Removal,Roadway Operations,DELWOOD,Delwood Community League,WARD 07,13327 81 STREET NW,53.59489923,-113.4645321,"(53.5948992319219, -113.464532107223)",Telephone call,2016,1
8013565393,February 24 2016,,Open,,1,EPCOR Power Box/Street Light,Community Standards,THORNCLIFF,Thorncliff Community League,WARD 05,8515 173 STREET NW,53.51893364,-113.6197844,"(53.5189336417924, -113.619784432956)",MobileApp,2016,1
8013560315,February 23 2016,,Open,,2,Road Snow Removal,Roadway Operations,LORELEI,Lorelei Beaumaris Community League,WARD 03,11028 162A AVENUE NW,53.62305126,-113.5126201,"(53.6230512637373, -113.512620147229)",Telephone call,2016,1
8013555957,February 22 2016,,Open,,2,Road Snow Removal,Roadway Operations,LAUDERDALE,Lauderdale Community League,WARD 02,13037 102 STREET NW,53.59061472,-113.4952163,"(53.5906147221204, -113.495216306098)",Telephone call,2016,1
187458541,February 19 2016,,Open,,1,Waste Bin- Private Property,Community Standards,AVONMORE,The Avonmore Community League,WARD 11,"73 AVENUE NW, 78 STREET NW",53.5094713,-113.4477584,"(53.5094712966394, -113.447758366193)",Internet Mail,2016,1
187322764,February 17 2016,,Open,,1,EPCOR Power Box/Street Light,Community Standards,FOREST HEIGHTS,Forest/Terrace Heights Community League,WARD 08,"104A AVENUE NW, 74 STREET NW",53.54807951,-113.4412598,"(53.5480795087353, -113.441259814209)",MobileApp,2016,1
8013532936,February 17 2016,,Open,,1,Vandalism - Play Structure,Parks,MILL CREEK RAVINE SOUTH,King Edward Park Community League,WARD 11,8120 93 STREET NW,53.51513755,-113.4728019,"(53.5151375473489, -113.472801888097)",Telephone call,2016,1
8013528106,February 16 2016,,Open,,2,Road Snow Removal,Roadway Operations,ROSSLYN,Rosslyn Community Association,WARD 02,10819 134 AVENUE NW,53.59450617,-113.5078383,"(53.5945061747919, -113.507838320699)",Internet Mail,2016,1
8013527710,February 16 2016,,Open,Work Planned-Route/Schedule Dependent,2,Sidewalks,Roadway Operations,LAGO LINDO,Lago Lindo Community League,WARD 03,"176 AVENUE NW, 97 STREET NW",53.63845602,-113.4918246,"(53.6384560157656, -113.491824641996)",Telephone call,2016,1
8013522979,February 16 2016,,Open,Work Planned-Route/Schedule Dependent,2,Sidewalks,Roadway Operations,LAGO LINDO,Lago Lindo Community League,WARD 03,"97 STREET NW, 176 AVENUE NW",53.63845602,-113.4918246,"(53.6384560157656, -113.491824641996)",Telephone call,2016,1
8013520419,February 15 2016,,Open,,1,Drain/Manhole Cover/Sewer,Drainage Operations,RIVER VALLEY LAURIER,Lynnwood Community League,WARD 05,"149 STREET NW, WHITEMUD DRIVE NW",53.51409424,-113.5785909,"(53.5140942387225, -113.578590888583)",Telephone call,2016,1
8013507502,February 12 2016,,Open,,1,Drain/Manhole Cover/Sewer,Drainage Operations,ANTHONY HENDAY,Glastonbury Community League,WARD 01,"WHITEMUD DRIVE NW, ANTHONY HENDAY DRIVE NW",53.51224034,-113.6622277,"(53.5122403441588, -113.662227741302)",Telephone call,2016,1
8013502653,February 11 2016,,Open,,2,Road Snow Removal,Roadway Operations,KLARVATTEN,Lago Lindo Community League,WARD 03,"89 STREET NW, 180 AVENUE NW",53.64143897,-113.476208,"(53.6414389676136, -113.476208016929)",Telephone call,2016,1
187114040,February 10 2016,,Open,,1,Newspaper Box/Sign,Community Standards,MALMO PLAINS,Malmo Community League,WARD 10,"51 AVENUE NW, 122 STREET NW",53.48830241,-113.5411406,"(53.4883024119174, -113.541140617061)",Telephone call,2016,1
8013491933,February 09 2016,,Open,,2,Sidewalks,Roadway Operations,KENSINGTON,Kensington Community League,WARD 02,"134B AVENUE NW, 123 STREET NW",53.59622541,-113.5335282,"(53.5962254114812, -113.5335282128)",MobileApp,2016,1
8013481115,February 07 2016,,Open,,2,Road Snow Removal,Roadway Operations,KENSINGTON,Kensington Community League,WARD 02,12420 136 AVENUE NW,53.59850222,-113.5376469,"(53.5985022243342, -113.537646939706)",Telephone call,2016,1
8013476587,February 06 2016,,Open,,2,Sanding,Roadway Operations,CASSELMAN,McLeod Community League,WARD 04,5028 152A AVENUE NW,53.61544992,-113.4190022,"(53.6154499249126, -113.419002230853)",Telephone call,2016,1
8013474755,February 05 2016,,Open,,2,Sanding,Roadway Operations,MCCONACHIE AREA,Horse Hill Community League (1995) Asssociation,WARD 04,"167 AVENUE NW, 50 STREET NW",53.62872468,-113.4118723,"(53.6287246828521, -113.411872301843)",Internet Mail,2016,1
186808819,February 03 2016,,Open,,1,EPCOR Power Box/Street Light,Community Standards,OTTEWELL,The Ottewell Community League,WARD 08,6703 - 95 AVENUE NW,53.53440861,-113.4315269,"(53.5344086089121, -113.431526913205)",Telephone call,2016,1
8013459867,February 03 2016,,Open,,2,Empty Sandbox at Community League,Roadway Operations,CALDER,Calder Community League,WARD 02,12721 120 STREET NW,53.58556184,-113.5283044,"(53.5855618397251, -113.528304430717)",Telephone call,2016,1
8013450528,February 01 2016,,Open,,2,Sidewalks,Roadway Operations,LAUDERDALE,Lauderdale Community League,WARD 02,10610 129 AVENUE NW,53.58830526,-113.5023422,"(53.5883052615936, -113.502342205463)",Telephone call,2016,1
8013448780,February 01 2016,,Open,,2,Sidewalks,Roadway Operations,CARLISLE,Carlisle Community League,WARD 02,11520 138 AVENUE NW,53.60109915,-113.5216656,"(53.6010991521684, -113.521665563657)",Telephone call,2016,1
8013448758,February 01 2016,,Open,,2,Sidewalks,Roadway Operations,CARLISLE,Carlisle Community League,WARD 02,14240 117 STREET NW,53.60498716,-113.525444,"(53.6049871582989, -113.525443974483)",Telephone call,2016,1
186569987,January 31 2016,,Open,,1,Federal/Provincial Building,Community Standards,DOWNTOWN,Downtown Edmonton Community League,WARD 06,10611 - 105 AVENUE NW,53.54746477,-113.5040149,"(53.5474647678104, -113.504014924378)",MobileApp,2016,1
8013440160,January 30 2016,,Open,,2,Sanding,Roadway Operations,EVANSDALE,Evansdale Community League,WARD 03,8520 152A AVENUE NW,53.6139753,-113.4723457,"(53.6139752962451, -113.47234565464)",Telephone call,2016,1
8013442202,January 30 2016,,Open,,2,Sanding,Roadway Operations,RIVER VALLEY CAPITOL HILL,The Crestwood Community League,WARD 01,14212 SUMMIT DRIVE NW,53.54009191,-113.5715599,"(53.5400919053896, -113.57155985902)",Telephone call,2016,1
8013422947,January 26 2016,,Open,,2,Road Snow Removal,Roadway Operations,KILLARNEY,Killarney Community League,WARD 07,12809 90 STREET NW,53.58648087,-113.4790758,"(53.5864808741235, -113.479075758081)",Telephone call,2016,1
8013423258,January 26 2016,,Open,,2,Empty Sandbox at Community League,Roadway Operations,BRINTNELL,Horse Hill Community League (1995) Asssociation,WARD 04,4521 162 AVENUE NW,53.62064581,-113.4084008,"(53.6206458082159, -113.40840083826)",Telephone call,2016,1
8013414288,January 25 2016,,Open,,2,Sidewalks,Roadway Operations,OLIVER,Oliver Community League,WARD 06,10150 117 STREET NW,53.54222171,-113.5236421,"(53.5422217134023, -113.523642129857)",Telephone call,2016,1
186201894,January 22 2016,,Open,,1,EPCOR Power Box/Street Light,Community Standards,MALMO PLAINS,Malmo Community League,WARD 10,12111 - 51 AVENUE NW,53.48802951,-113.5397561,"(53.4880295126771, -113.539756070951)",Internet Mail,2016,1
8013395642,January 21 2016,,Open,,2,Road Snow Removal,Roadway Operations,GLENGARRY,Glengarry Community League,WARD 07,13415 91 STREET NW,53.59545838,-113.4812768,"(53.5954583833724, -113.481276771527)",Telephone call,2016,1
8013362176,January 14 2016,,Open,,2,Sanding,Roadway Operations,TAMARACK,FULTON MEADOWS COMMUNITY LEAGUE,WARD 12,4011 17 STREET NW,53.47841576,-113.3680526,"(53.4784157611718, -113.36805255584)",Internet Mail,2016,1
185416601,January 06 2016,,Open,,1,EPCOR Power Box/Street Light,Community Standards,STRATHCONA,Strathcona Centre Community League,WARD 08,9915 - 88 AVENUE NW,53.52321559,-113.4866545,"(53.5232155876625, -113.486654499617)",Telephone call,2016,1
184808717,December 18 2015,,Open,,1,Park Structure,Parks,LEE RIDGE,Leefield Community League,WARD 11,440 - MILLBOURNE ROAD EAST NW,53.470359,-113.4462683,"(53.4703589986122, -113.446268299964)",Telephone call,2015,1
184578476,December 12 2015,,Open,,1,Newspaper Box/Sign,Community Standards,GARNEAU,Queen Alexandra Community League,WARD 08,"83 STREET NW, 82 AVENUE NW, 82 AVENUE [EASTBOUND SIDE] NW",53.51810091,-113.512044,"(53.518100911492, -113.512043984724)",Telephone call,2015,1
8013192922,December 10 2015,,Open,,2,Road Snow Removal,Roadway Operations,SPRUCE AVENUE,Spruce Avenue Community League,WARD 02,11149 106 STREET NW,53.56038569,-113.5023144,"(53.5603856897752, -113.502314418821)",MobileApp,2015,1
183903281,December 03 2015,,Open,,1,EPCOR Power Box/Street Light,Community Standards,LORELEI,Lorelei Beaumaris Community League,WARD 03,16230 - 103 STREET NW,53.62408574,-113.501982,"(53.6240857372279, -113.501981969041)",Telephone call,2015,1
183562061,November 29 2015,,Open,,1,Newspaper Box/Sign,Community Standards,CALLINGWOOD NORTH,Callingwood - Lymburn Community League,WARD 05,6903 - 172 STREET NW,53.50498797,-113.6188995,"(53.5049879712508, -113.618899548202)",MobileApp,2015,1
182506107,November 16 2015,,Open,,1,Newspaper Box/Sign,Community Standards,LEGER,Oak Hills Community League,WARD 09,711 - LEGER WAY NW,53.45818536,-113.5773508,"(53.4581853598798, -113.577350768783)",Telephone call,2015,1
8012947415,October 23 2015,,Open,,2,Sidewalks,Roadway Operations,RIO TERRACE,Rio Terrace Community League,WARD 05,15108 76A AVENUE NW,53.51014735,-113.5812602,"(53.5101473535058, -113.581260160321)",Telephone call,2015,1
181357792,October 23 2015,,Open,,1,EPCOR Power Box/Street Light,Community Standards,CALLINGWOOD SOUTH,Callingwood - Lymburn Community League,WARD 05,6627 - 177 STREET NW,53.50201539,-113.6262219,"(53.5020153914843, -113.626221903083)",MobileApp,2015,1
8012926849,October 20 2015,,Open,,2,Sidewalks,Roadway Operations,BLUE QUILL,Blue Quill Community League,WARD 10,11118 23B AVENUE NW,53.45570073,-113.5184095,"(53.4557007308764, -113.518409522019)",Telephone call,2015,1
8012921135,October 19 2015,,Open,,2,Sidewalks,Roadway Operations,PLEASANTVIEW,Pleasantview Community League,WARD 10,5728 109 STREET NW,53.49531349,-113.5122338,"(53.4953134853625, -113.512233810945)",Telephone call,2015,1
8012907154,October 16 2015,,Open,Work Planned-Seasonal/Weather Dependent,2,Sidewalks,Roadway Operations,MINCHAU,Ridgewood Community League,WARD 12,4523 37B AVENUE NW,53.46900807,-113.4118436,"(53.4690080737105, -113.411843554917)",Telephone call,2015,1
8012860479,October 07 2015,,Open,,2,Sidewalks,Roadway Operations,BLUE QUILL,Blue Quill Community League,WARD 10,11130 23B AVENUE NW,53.4556532,-113.5191691,"(53.4556531982791, -113.519169142507)",Telephone call,2015,1
8012756650,September 18 2015,,Open,,2,Sidewalks,Roadway Operations,PARKALLEN,Parkallen Community Ass'n (1960),WARD 10,10934 65 AVENUE NW,53.50235669,-113.5139915,"(53.5023566935733, -113.513991544898)",Telephone call,2015,1
8012751702,September 17 2015,,Open,,2,Sidewalks,Roadway Operations,MONTROSE,Montrose Community League (1992),WARD 07,6002 120 AVENUE NW,53.57385021,-113.4344825,"(53.5738502115357, -113.434482529953)",Telephone call,2015,1
8012715807,September 11 2015,,Open,,2,Sidewalks,Roadway Operations,TWIN BROOKS,Twin Brooks Community League,WARD 09,347 TWIN BROOKS DRIVE NW,53.4447376,-113.5250963,"(53.4447375996038, -113.525096284018)",Telephone call,2015,1
8012691636,September 08 2015,,Open,,2,Sidewalks,Roadway Operations,GARIEPY,The Lessard Edmonton Community League,WARD 05,17536 55 AVENUE NW,53.49248128,-113.6262449,"(53.4924812806395, -113.626244940004)",Telephone call,2015,1
8012654959,September 01 2015,,Open,,2,Sidewalks,Roadway Operations,RIO TERRACE,Rio Terrace Community League,WARD 05,"156 STREET NW, 76 AVENUE NW",53.50789359,-113.5903635,"(53.507893586081, -113.590363470973)",Telephone call,2015,1
8012653450,September 01 2015,,Open,,2,Sidewalks,Roadway Operations,OTTEWELL,Kenilworth Community League,WARD 08,9119 72 STREET NW,53.52679682,-113.4378248,"(53.526796820406, -113.43782480398)",Telephone call,2015,1
8012642317,August 30 2015,,Open,,1,Park Structure,Parks,BRITANNIA YOUNGSTOWN,Britannia Youngstown Community League,WARD 01,10320 166 STREET NW,53.54611712,-113.6093974,"(53.546117123375, -113.609397369018)",Telephone call,2015,1
8012622007,August 26 2015,,Open,,2,Sidewalks,Roadway Operations,DUGGAN,Duggan Community League,WARD 10,10504 36 AVENUE NW,53.47103837,-113.5004937,"(53.4710383696149, -113.500493702723)",Internet Mail,2015,1
8012606352,August 24 2015,,Open,,2,Sidewalks,Roadway Operations,LENDRUM PLACE,Lendrum Community League,WARD 10,11207 57 AVENUE NW,53.49436796,-113.5206082,"(53.4943679632893, -113.520608233144)",Telephone call,2015,1
8012581754,August 19 2015,,Open,,1,Park Structure,Parks,MILL CREEK RAVINE NORTH,Strathcona Centre Community League,WARD 08,8323 95A STREET NW,53.52088396,-113.4751098,"(53.5208839609003, -113.475109806313)",Telephone call,2015,1
8012560760,August 16 2015,,Open,,2,Sidewalks,Roadway Operations,EMPIRE PARK,Empire Park S. W. Community League,WARD 10,"106 STREET NW, 48 AVENUE NW",53.48639405,-113.5043712,"(53.4863940478786, -113.504371199509)",Telephone call,2015,1
177587589,August 14 2015,,Open,,1,EPCOR Power Box/Street Light,Community Standards,ALDERGROVE,Aldergrove Community League,WARD 01,"86 AVENUE NW, 182 STREET NW",53.51945635,-113.6370609,"(53.5194563456148, -113.637060911276)",Telephone call,2015,1
8012526231,August 10 2015,,Open,,2,Sidewalks,Roadway Operations,LAGO LINDO,Lago Lindo Community League,WARD 03,18044 96 STREET NW,53.64299607,-113.4901604,"(53.6429960739835, -113.490160401599)",Telephone call,2015,1
8012508297,August 07 2015,,Open,Assessment in Progress,1,Vandalism - Spray Park,Parks,GLENORA,Glenora Community League,WARD 06,10410 136 STREET NW,53.54698371,-113.5568426,"(53.5469837065133, -113.556842550237)",Telephone call,2015,1
8012497964,August 05 2015,,Open,,1,Ashtray,Capitial City Clean Up - Community Services,DOWNTOWN,Downtown Edmonton Community League,WARD 06,10080 JASPER AVENUE NW,53.54114307,-113.4931556,"(53.5411430697915, -113.493155644563)",Telephone call,2015,1
8012466600,July 31 2015,,Open,,2,Sidewalks,Roadway Operations,ASPEN GARDENS,Aspen Gardens Community League,WARD 10,4124 120 STREET NW,53.47940034,-113.5442919,"(53.4794003403389, -113.544291904047)",Telephone call,2015,1
8012439467,July 27 2015,,Open,Assessment in Progress,1,Park Structure,Parks,SUMMERLEA,Summerlea Community League,WARD 01,"95 AVENUE NW, 174 STREET NW",53.53113225,-113.6208613,"(53.5311322489046, -113.620861294394)",MobileApp,2015,1
8012420349,July 23 2015,,Open,,1,Vandalism - Play Structure,Parks,FRASER,Fraser Community League,WARD 04,1859 151 AVENUE NW,53.6114179,-113.3692448,"(53.6114179018509, -113.369244761287)",Telephone call,2015,1
8012413329,July 22 2015,,Open,,2,Sidewalks,Roadway Operations,TWIN BROOKS,Twin Brooks Community League,WARD 09,812 113B STREET NW,53.43771551,-113.5263785,"(53.4377155092941, -113.526378497595)",Telephone call,2015,1
8012399708,July 20 2015,,Open,,2,Sidewalks,Roadway Operations,ORMSBY PLACE,Willowby Community League,WARD 05,18315 67 AVENUE NW,53.50127059,-113.6381104,"(53.5012705926214, -113.638110437329)",Telephone call,2015,1
175974121,July 16 2015,,Open,,1,Shaw/Telus Box,Community Standards,WILD ROSE,The Meadows Community League Association,WARD 12,2804 - 37C AVENUE NW,53.47500472,-113.3818612,"(53.4750047200035, -113.381861196299)",Telephone call,2015,1
8012370326,July 15 2015,,Open,,1,Park Structure,Parks,MILL CREEK RAVINE NORTH,Strathcona Centre Community League,WARD 08,8323 95A STREET NW,53.52088396,-113.4751098,"(53.5208839609003, -113.475109806313)",Telephone call,2015,1
8012333329,July 09 2015,,Open,,1,Road,Roadway Operations,ROYAL GARDENS,Duggan Community League,WARD 10,"43 AVENUE NW, 111 STREET NW",53.47806797,-113.5161742,"(53.478067971566, -113.516174240623)",MobileApp,2015,1
8012336269,July 09 2015,,Open,,2,Sidewalks,Roadway Operations,TAMARACK,FULTON MEADOWS COMMUNITY LEAGUE,WARD 12,"MAPLE ROAD NW, TAMARACK WAY NW",53.47667134,-113.3645792,"(53.4766713421487, -113.364579248496)",Telephone call,2015,1
8012319912,July 07 2015,,Open,,2,Sidewalks,Roadway Operations,WEDGEWOOD HEIGHTS,Wedgewood Ravine Community League,WARD 05,1499 WELBOURN DRIVE NW,53.476339,-113.6429808,"(53.4763390036844, -113.642980794077)",Telephone call,2015,1
8012311958,July 06 2015,,Open,,2,Sidewalks,Roadway Operations,ELMWOOD,Elmwood Community League,WARD 05,8334 166 STREET NW,53.51857995,-113.6086792,"(53.5185799493282, -113.608679154837)",Telephone call,2015,1
8012175023,June 15 2015,,Open,,2,Sidewalks,Roadway Operations,GLENORA,Glenora Community League,WARD 06,10320 CONNAUGHT DRIVE NW,53.54531481,-113.5439506,"(53.5453148085511, -113.543950560896)",Telephone call,2015,1
8012130946,June 08 2015,,Open,,2,Sidewalks,Roadway Operations,QUEEN ALEXANDRA,Queen Alexandra Community League,WARD 08,10715 75 AVENUE NW,53.51104815,-113.5072651,"(53.5110481533993, -113.507265088458)",Internet Mail,2015,1
8012127324,June 08 2015,,Open,,2,Sidewalks,Roadway Operations,HODGSON,Hodgson Community League,WARD 09,"23 AVENUE NW, MAGRATH ROAD NW",53.45405642,-113.5591695,"(53.4540564217258, -113.559169512916)",Telephone call,2015,1
8012115231,June 05 2015,,Open,,1,Vandalism - Play Structure,Parks,DUNLUCE,Dunluce Community League,WARD 03,12030 162 AVENUE NW,53.62405014,-113.5333558,"(53.6240501415871, -113.53335576062)",MobileApp,2015,1
173167974,May 28 2015,,Open,,1,EPCOR Power Box/Street Light,Community Standards,DUGGAN,Duggan Community League,WARD 10,"108 STREET NW, 35A AVENUE NW",53.46902858,-113.5088193,"(53.4690285759575, -113.508819282539)",Telephone call,2015,1
172923821,May 23 2015,,Open,,1,EPCOR Power Box/Street Light,Community Standards,WEST MEADOWLARK PARK,West Meadowlark Community League,WARD 01,"87 AVENUE [EASTBOUND SIDE] NW, 170 STREET [NORTHBOUND SIDE] NW",53.51955447,-113.615316,"(53.5195544726171, -113.61531596616)",Telephone call,2015,1
172892392,May 22 2015,,Open,,1,EPCOR Power Box/Street Light,Community Standards,WEST MEADOWLARK PARK,West Meadowlark Community League,WARD 01,"87 AVENUE NW, 169 STREET NW",53.51956916,-113.6107947,"(53.5195691645528, -113.610794707206)",Internet Mail,2015,1
8012012839,May 22 2015,,Open,,2,Sidewalks,Roadway Operations,BULYEA HEIGHTS,Brookview Community League (Edmonton) Society,WARD 09,310 BURTON ROAD NW,53.47680371,-113.5660711,"(53.4768037095154, -113.566071080683)",Telephone call,2015,1
172843048,May 22 2015,,Open,,1,EPCOR Power Box/Street Light,Community Standards,LYMBURN,Callingwood - Lymburn Community League,WARD 05,"179 STREET NW, 77 AVENUE NW",53.51032047,-113.631225,"(53.5103204731041, -113.631224969054)",Telephone call,2015,1
172625449,May 18 2015,,Open,,1,EPCOR Power Box/Street Light,Community Standards,ERMINESKIN,Ermineskin Community League,WARD 10,2911 109 STREET NW,53.46073653,-113.5104472,"(53.4607365335839, -113.510447204767)",MobileApp,2015,1
8011930964,May 08 2015,,Open,,1,River Valley,River Valley Operations,FOREST HEIGHTS,Forest/Terrace Heights Community League,WARD 08,8440 105 AVENUE NW,53.54879364,-113.4589435,"(53.5487936438112, -113.458943524535)",Telephone call,2015,1
8011912851,May 05 2015,,Open,,2,Sidewalks,Roadway Operations,BEARSPAW,Yellowbird (East) Community League,WARD 10,1052 105 STREET NW,53.44129943,-113.4978673,"(53.4412994278658, -113.497867268513)",Telephone call,2015,1
8011896224,May 02 2015,,Open,,1,River Valley,River Valley Operations,BEVERLY HEIGHTS,Beverly Heights Community League,WARD 07,4209 111 AVENUE NW,53.5636954,-113.4065619,"(53.5636954046905, -113.406561856478)",Telephone call,2015,1
171408556,April 27 2015,,Open,,1,EPCOR Power Box/Street Light,Community Standards,CROMDALE,Parkdale-Cromdale Community League Association,WARD 07,"JASPER AVENUE NW, 82 STREET NW",53.55672957,-113.4675408,"(53.5567295719225, -113.46754080314)",Telephone call,2015,1
8011845599,April 24 2015,,Open,Assessment in Progress,1,River Valley,River Valley Operations,ELSINORE,The Baturyn Community League,WARD 03,17604 104 STREET NW,53.64108929,-113.5036848,"(53.6410892942767, -113.503684774671)",Telephone call,2015,1
8011819829,April 20 2015,,Open,,2,Sidewalks,Roadway Operations,PARKALLEN,Parkallen Community Ass'n (1960),WARD 10,10934 65 AVENUE NW,53.50235669,-113.5139915,"(53.5023566935733, -113.513991544898)",Telephone call,2015,1
8011768518,April 10 2015,,Open,,1,Park Structure,Parks,DUNLUCE,Dunluce Community League,WARD 03,207 WARWICK ROAD NW,53.62531202,-113.5331331,"(53.6253120223989, -113.533133106609)",Telephone call,2015,1
8011712096,April 01 2015,,Open,Assessment in Progress,1,Vandalism - Play Structure,Parks,BLACKMUD CREEK RAVINE,Twin Brooks Community League,WARD 10,10945 BEARSPAW DRIVE WEST NW,53.44366555,-113.5105096,"(53.4436655450648, -113.510509579737)",Telephone call,2015,1
8011671470,March 25 2015,,Open,,2,Sidewalks,Roadway Operations,CAMERON HEIGHTS,Cameron Heights Community League,WARD 05,1212 CHAHLEY LANDING NW,53.47235765,-113.6415359,"(53.4723576530179, -113.641535923729)",Telephone call,2015,1
8011649441,March 21 2015,,Open,,1,River Valley,River Valley Operations,RIVER VALLEY CAPITOL HILL,The Crestwood Community League,WARD 01,13814 SUMMIT DRIVE NW,53.5381001,-113.5622127,"(53.5381001048805, -113.562212719934)",MobileApp,2015,1
8011589057,March 11 2015,,Open,,2,Facility Sidewalk,Parks,LAGO LINDO,Lago Lindo Community League,WARD 03,17123 95 STREET NW,53.63470292,-113.4867472,"(53.6347029238127, -113.486747239768)",Telephone call,2015,1
8011572169,March 08 2015,,Open,,1,Vandalism - Play Structure,Parks,BRINTNELL,Horse Hill Community League (1995) Asssociation,WARD 04,"BRINTNELL BOULEVARD NW, 50 STREET NW",53.62013531,-113.4164032,"(53.6201353125626, -113.416403156606)",Telephone call,2015,1
8011356835,January 29 2015,,Open,,2,Sidewalks,Roadway Operations,MALMO PLAINS,Malmo Community League,WARD 10,11451 46 AVENUE NW,53.48356701,-113.5284211,"(53.4835670140627, -113.528421061047)",Telephone call,2015,1
8011331148,January 24 2015,,Open,,2,Facility,Parks,MCCAULEY,McCauley Community League,WARD 06,8610 STADIUM ROAD NW,53.55761151,-113.4774177,"(53.5576115075371, -113.477417735535)",Telephone call,2015,1
